{
  "$schema": "http://json-schema.org/draft-07/schema#",
  "title": "WTD Services",
  "description": "Services utiles géolocalisés — WTD Madagascar",
  "type": "array",
  "items": {
    "type": "object",
    "required": ["id", "type", "nom", "gps"],
    "properties": {
      "id": {
        "type": "string",
        "description": "Identifiant unique WTD"
      },
      "type": {
        "type": "string",
        "enum": [
          "gendarmerie",
          "bus",
          "taxi",
          "taxi-moto",
          "tuk-tuk",
          "taxi-phone",
          "cybercafe",
          "hopital",
          "pharmacie",
          "pompiers",
          "marche"
        ]
      },
      "nom": {
        "type": "string"
      },
      "gps": {
        "type": "string",
        "pattern": "^-?\\d+(\\.\\d+)?,-?\\d+(\\.\\d+)?$"
      },
      "contact": {
        "type": "string"
      },
      "horaires": {
        "type": "string"
      },
      "zone": {
        "type": "string"
      },
      "notes": {
        "type": "string"
      }
    }
  }
}
