{
  "cities": [
    { "name": "Antananarivo", "lat": -18.8792, "lng": 47.5079 },
    { "name": "Toamasina", "lat": -18.1492, "lng": 49.4023 },
    { "name": "Mahajanga", "lat": -15.7167, "lng": 46.3167 },
    { "name": "Toliara", "lat": -23.35, "lng": 43.6667 },
    { "name": "Antsiranana", "lat": -12.2765, "lng": 49.3115 },
    { "name": "Fianarantsoa", "lat": -21.4536, "lng": 47.0857 },
    { "name": "Antsirabe", "lat": -19.8659, "lng": 47.0333 },
    { "name": "Morondava", "lat": -20.2887, "lng": 44.3178 },
    { "name": "Manakara", "lat": -22.1486, "lng": 48.0106 },
    { "name": "Farafangana", "lat": -22.8172, "lng": 47.8265 },
    { "name": "Sambava", "lat": -14.2667, "lng": 50.1667 },
    { "name": "Ambilobe", "lat": -13.1936, "lng": 49.0475 },
    { "name": "Ambanja", "lat": -13.6822, "lng": 48.4500 },
    { "name": "Nosy Be", "lat": -13.3121, "lng": 48.2580 },
    { "name": "Marovoay", "lat": -16.1000, "lng": 46.6333 },
    { "name": "Maintirano", "lat": -18.0667, "lng": 44.0167 },
    { "name": "Belo-sur-Tsiribihina", "lat": -19.6867, "lng": 44.5419 },
    { "name": "Miandrivazo", "lat": -19.5333, "lng": 45.4500 },
    { "name": "Ikalamavony", "lat": -21.1500, "lng": 46.5833 },
    { "name": "Ihosy", "lat": -22.4000, "lng": 46.1167 },
    { "name": "Tolagnaro", "lat": -25.0319, "lng": 46.9987 },
    { "name": "Mananjary", "lat": -21.2167, "lng": 48.3333 },
    { "name": "Maroantsetra", "lat": -15.4333, "lng": 49.7333 },
    { "name": "Andapa", "lat": -14.6500, "lng": 49.6500 },
    { "name": "Vohémar", "lat": -13.3667, "lng": 50.0000 },
    { "name": "Ambatondrazaka", "lat": -17.8333, "lng": 48.4167 },
    { "name": "Moramanga", "lat": -18.9500, "lng": 48.2167 },
    { "name": "Betafo", "lat": -19.8333, "lng": 46.8500 },
    { "name": "Tsiroanomandidy", "lat": -18.7667, "lng": 46.0333 },
    { "name": "Arivonimamo", "lat": -19.0167, "lng": 47.1833 },
    { "name": "Miarinarivo", "lat": -18.9500, "lng": 46.9000 },
    { "name": "Soavinandriana", "lat": -19.1667, "lng": 46.7333 }
  ]
}
