{
  "meta": {
    "sessionId": "wtd-9f3a1c-1705489320000",
    "startedAt": "2026-01-17T09:12:44.123Z",
    "userAgent": "Mozilla/5.0 (Windows NT 10.0; Win64; x64)",
    "lang": "fr-FR"
  },
  "events": [
    {
      "id": "evt-001",
      "sessionId": "wtd-9f3a1c-1705489320000",
      "type": "bot-init",
      "at": "2026-01-17T09:12:44.130Z",
      "message": "Bot WTD initialisé"
    },
    {
      "id": "evt-002",
      "sessionId": "wtd-9f3a1c-1705489320000",
      "type": "click-point",
      "at": "2026-01-17T09:18:02.551Z",
      "id_point": "WTD-001",
      "nom": "Fokontany Analakely",
      "gps": "-18.9081,47.5256",
      "reseau": "Telma",
      "statut": "actif"
    },
    {
      "id": "evt-003",
      "sessionId": "wtd-9f3a1c-1705489320000",
      "type": "map-click",
      "at": "2026-01-17T09:21:10.908Z",
      "lat": -18.9074,
      "lng": 47.5269
    },
    {
      "id": "evt-004",
      "sessionId": "wtd-9f3a1c-1705489320000",
      "type": "click-city",
      "at": "2026-01-17T09:25:44.002Z",
      "name": "Antananarivo",
      "lat": -18.8792,
      "lng": 47.5079
    }
  ],
  "proof": {
    "exportedAt": "2026-01-17T10:22:00.456Z",
    "hash": "a94f3c8b5e2a9a8e0d4b1f9f5c6b0c88e7f21f2bb1c77a3a6d1f6f92a3c1d9b4",
    "signature": "MEUCID9x8oQxKZp7X8YzN1Xr8YzV2z9p1Yk8L9A3JZp5AiEAo4M7v7Z9Cq4H1XQn5E0m9cZr2ZP8VZ9yM1fQKc=",
    "algo": "ECDSA-P256-SHA256",
    "integrity": "Toute modification du fichier invalide la signature"
  }
}
