[
  {
    "id": "WTD-SRV-0001",
    "nom": "Gendarmerie Analakely",
    "type": "gendarmerie",
    "gps": "-18.9081,47.5256",
    "zone": "Analakely",
    "urgence": true,
    "visible": true,
    "horaires": "24h/24",
    "source": "terrain",
    "updated_at": "2026-01-20T08:00:00Z"
  },
  {
    "id": "WTD-SRV-0002",
    "nom": "Hôpital Joseph Ravoahangy Andrianavalona (HJRA)",
    "type": "hopital",
    "gps": "-18.9156,47.5291",
    "zone": "Ampefiloha",
    "urgence": true,
    "visible": true,
    "horaires": "24h/24",
    "source": "public",
    "updated_at": "2026-01-20T08:10:00Z"
  },
  {
    "id": "WTD-SRV-0003",
    "nom": "Pharmacie Centrale Analakely",
    "type": "pharmacie",
    "gps": "-18.9089,47.5264",
    "zone": "Analakely",
    "urgence": false,
    "visible": true,
    "horaires": "08h–20h",
    "source": "terrain",
    "updated_at": "2026-01-20T08:15:00Z"
  },
  {
    "id": "WTD-SRV-0004",
    "nom": "Gare routière Taxi-be Analakely",
    "type": "bus",
    "gps": "-18.9098,47.5249",
    "zone": "Analakely",
    "urgence": false,
    "visible": true,
    "horaires": "05h–21h",
    "source": "terrain",
    "updated_at": "2026-01-20T08:20:00Z"
  },
  {
    "id": "WTD-SRV-0005",
    "nom": "Station Taxi-ville Analakely",
    "type": "taxi",
    "gps": "-18.9092,47.5268",
    "zone": "Analakely",
    "urgence": false,
    "visible": true,
    "horaires": "06h–22h",
    "source": "terrain",
    "updated_at": "2026-01-20T08:25:00Z"
  },
  {
    "id": "WTD-SRV-0006",
    "nom": "Taxi-moto Isotry",
    "type": "taxi-moto",
    "gps": "-18.9137,47.5219",
    "zone": "Isotry",
    "urgence": false,
    "visible": true,
    "horaires": "06h–20h",
    "source": "terrain",
    "updated_at": "2026-01-20T08:30:00Z"
  },
  {
    "id": "WTD-SRV-0007",
    "nom": "Tuk-tuk Behoririka",
    "type": "tuk-tuk",
    "gps": "-18.9063,47.5187",
    "zone": "Behoririka",
    "urgence": false,
    "visible": true,
    "horaires": "07h–19h",
    "source": "terrain",
    "updated_at": "2026-01-20T08:35:00Z"
  },
  {
    "id": "WTD-SRV-0008",
    "nom": "Cybercafé Ny Aina",
    "type": "cybercafe",
    "gps": "-18.9071,47.5275",
    "zone": "Analakely",
    "urgence": false,
    "visible": true,
    "horaires": "08h–18h",
    "source": "terrain",
    "updated_at": "2026-01-20T08:40:00Z"
  },
  {
    "id": "WTD-SRV-0009",
    "nom": "Mairie du 1er Arrondissement",
    "type": "mairie",
    "gps": "-18.9090,47.5260",
    "zone": "Analakely",
    "urgence": false,
    "visible": true,
    "horaires": "08h–16h",
    "source": "public",
    "updated_at": "2026-01-20T08:45:00Z"
  },
  {
    "id": "WTD-SRV-0010",
    "nom": "Bureau de Poste Analakely",
    "type": "poste",
    "gps": "-18.9085,47.5252",
    "zone": "Analakely",
    "urgence": false,
    "visible": true,
    "horaires": "08h–15h",
    "source": "public",
    "updated_at": "2026-01-20T08:50:00Z"
  },
  {
    "id": "WTD-SRV-0011",
    "nom": "Police Nationale Tsaralalana",
    "type": "police",
    "gps": "-18.9057,47.5194",
    "zone": "Tsaralalana",
    "urgence": true,
    "visible": true,
    "horaires": "24h/24",
    "source": "public",
    "updated_at": "2026-01-20T08:55:00Z"
  },
  {
    "id": "WTD-SRV-0012",
    "nom": "Taxi-phone Andavamamba",
    "type": "taxi-phone",
    "gps": "-18.9214,47.5179",
    "zone": "Andavamamba",
    "urgence": false,
    "visible": true,
    "horaires": "06h–21h",
    "source": "terrain",
    "updated_at": "2026-01-20T09:00:00Z"
  }
]
