{
  "$schema": "https://json-schema.org/draft/2020-12/schema",
  "$id": "https://wtd-madagascar/schema/services-wtd.schema.json",
  "title": "WTD Services Schema",
  "description": "Schéma officiel WTD pour le référencement non nominatif des services utiles (mobilité, sécurité, santé, numérique, inclusion). Compatible offline, sans surveillance.",
  "type": "object",
  "required": ["meta", "services"],
  "properties": {
    "meta": {
      "type": "object",
      "required": ["version", "territoire", "auteur", "date"],
      "properties": {
        "version": {
          "type": "string",
          "description": "Version du schéma"
        },
        "territoire": {
          "type": "string",
          "description": "Territoire couvert (ex: Madagascar)"
        },
        "auteur": {
          "type": "string",
          "description": "Organisation ou auteur du schéma"
        },
        "description": {
          "type": "string"
        },
        "date": {
          "type": "string",
          "format": "date"
        }
      },
      "additionalProperties": false
    },
    "services": {
      "type": "array",
      "minItems": 1,
      "items": {
        "$ref": "#/$defs/service"
      }
    }
  },
  "additionalProperties": false,

  "$defs": {
    "service": {
      "type": "object",
      "required": [
        "id",
        "categorie",
        "type",
        "nom",
        "gps",
        "zone",
        "statut",
        "public",
        "source"
      ],
      "properties": {
        "id": {
          "type": "string",
          "description": "Identifiant unique du service (ex: SRV-TXM-ANAL-01)"
        },
        "categorie": {
          "type": "string",
          "enum": [
            "securite",
            "urgence",
            "mobilite",
            "sante",
            "numerique",
            "inclusion",
            "education"
          ],
          "description": "Catégorie principale du service"
        },
        "type": {
          "type": "string",
          "description": "Type précis du service (taxi-moto, gendarmerie, cybercafe, etc.)"
        },
        "nom": {
          "type": "string",
          "description": "Nom affiché du service"
        },
        "gps": {
          "type": "string",
          "pattern": "^-?\\d+(\\.\\d+)?\\s*,\\s*-?\\d+(\\.\\d+)?$",
          "description": "Coordonnées GPS au format 'lat,lng'"
        },
        "zone": {
          "type": "string",
          "description": "Zone locale ou quartier (ex: Analakely)"
        },
        "accessibilite": {
          "type": "array",
          "items": {
            "type": "string",
            "enum": [
              "handicap_moteur",
              "handicap_visuel",
              "handicap_auditif",
              "handicap_cognitif"
            ]
          },
          "default": []
        },
        "horaires": {
          "type": "string",
          "description": "Horaires d'ouverture (texte libre)",
          "default": ""
        },
        "contact": {
          "type": "object",
          "properties": {
            "telephone": {
              "type": "string"
            },
            "radio": {
              "type": "string"
            },
            "autre": {
              "type": "string"
            }
          },
          "additionalProperties": false,
          "default": {}
        },
        "langues": {
          "type": "array",
          "items": {
            "type": "string",
            "enum": ["mg", "fr", "en"]
          },
          "default": ["mg"]
        },
        "public": {
          "type": "boolean",
          "description": "Service accessible au public"
        },
        "statut": {
          "type": "string",
          "enum": ["actif", "temporaire", "inactif"]
        },
        "source": {
          "type": "string",
          "enum": ["collectivite", "association", "terrain", "citoyen"]
        },
        "notes": {
          "type": "string",
          "description": "Notes non sensibles",
          "default": ""
        }
      },
      "additionalProperties": false
    }
  }
}
